{
"Pong": 0.341176470588235,
"ChopperCommand": 0.513725490196078,
"Centipede": 0,
"BeamRider": 0,
"MsPacman": 0.125490196078431,
"Frostbite": 0.125490196078431,
"Bowling": 0.513725490196078,
"IceHockey": 0.752941176470588,
"DoubleDunk": 0,
"Asteroids": 0
}
